scholarship_name,doc_type,description
Merit Scholarship - Undergraduate,Marksheet,Latest semester grade card showing no backlogs
Merit Scholarship - Undergraduate,Fee Receipt,Current academic year tuition fee receipt
Merit Scholarship - Undergraduate,Income Certificate,Family income certificate if claiming additional fee concession
Merit Scholarship - Special Category,Marksheet,Latest semester grade card
Merit Scholarship - Special Category,Category Certificate,Valid government caste/special category certificate
Merit Scholarship - Special Category,Income Certificate,Income certificate issued within the past 12 months
Need-Based Financial Assistance Scholarship,Income Certificate,Annual family income certificate below 4 LPA
Need-Based Financial Assistance Scholarship,Bank Passbook,Front page copy of nationalized bank savings account
Need-Based Financial Assistance Scholarship,Fee Receipt,Current year college tuition fee receipt
